<?xml version="1.0" encoding="UTF-8"?>
<addon id="plugin.video.robbie_news"
       name="Robbie News"
       version="1.0.0"
       provider-name="Spinalcracker">
  <requires>
		<import addon="xbmc.python" version="2.24.0"/>
		<import addon="plugin.video.youtube" version="5.2.1"/>
        <import addon="script.module.addon.common" version="2.0.0" />
    </requires>
	<extension point="xbmc.python.pluginsource" library="default.py">
		<provides>video</provides>
	</extension>
  <extension point="xbmc.addon.metadata">
    <summary>Live News via Youtube</summary>
    <description>Lists of live news streams and other interesting political commentary | (Dedicated to Robyn - You're the best!)</description>
    <disclaimer lang="en">This Project was made without association of the creators of each news organization and all feeds are found on Youtube</disclaimer>
  	<language>en</language>
  	<platform>all</platform>
    <forum>http://forum.kodi.tv/</forum>
    <website>http://www.youtube.com</website>
	<source>https://github.com/Spinalcracker/</source>
  	<email></email>
	<assets>
        <icon>icon.png</icon>
        <fanart>fanart.png</fanart>
	</assets>
  </extension>
</addon>