<?xml version="1.0" encoding="UTF-8"?>
    <addon id="repository.spinalcracker" name="Spinalcrackers Official Kodi Repo" version="0.1.2" provider-name="Spinalcracker">
        <requires>
            <import addon="xbmc.addon" version="12.0.0"/>
        </requires>
        <extension point="xbmc.addon.repository" name="Spinalcrackers Official Kodi Repo">
            <info compressed="false">https://raw.githubusercontent.com/Spinalcracker/spinal-kodi-repo/master/_repo/addons.xml</info>
            <checksum>https://raw.githubusercontent.com/Spinalcracker/spinal-kodi-repo/master/_repo/addons.xml.md5</checksum>
            <datadir zip="true">https://raw.githubusercontent.com/Spinalcracker/spinal-kodi-repo/master/_repo/</datadir>
            <hashes>false</hashes>
        </extension>
        <extension point="xbmc.addon.metadata">
            <summary>Collection of Spinalcrackers Addons</summary>
            <description>Repository of Spinalcrackers Addons to ensure you always have the latest versions</description>
            <platform>all</platform>
    </extension>
</addon>